,zl,m_h,m_acc,e_h,p_h,con,m_g,e_g,p_g,tb,vel_disp
0,0.022,110662400000.0,0.0,0.1507349,-9.519763,13.72977,1080892000.0,0.4210705,-27.15581,5.840332,54.11351611935491
1000,0.576,3548134000000.0,0.0,0.3829286,72.05911,6.484948,87221260000.0,0.4837437,46.38458,0.1061987,204.3720453546389
2000,0.765,516416400000.0,0.0,0.4977757,122.247,7.572108,17768070000.0,0.1646521,127.6121,0.04912861,127.851230286198
3000,0.911,148593600000.0,0.0,0.4534484,-46.85858,10.90592,548169400.0,0.4837566,-35.74009,0.1274478,52.00127681958947
4000,1.037,169824400000.0,0.0,0.184639,122.1807,6.316697,816558200.0,0.3848487,166.7035,0.1198332,42.53282987528342
5000,1.154,229086800000.0,0.0,0.202068,-29.99197,3.972965,1236293000.0,0.3704674,-16.34382,0.05697951,37.80321361734811
6000,1.264,144211500000.0,0.0,0.3566259,165.1809,7.026705,619452300.0,0.09381935,192.0172,0.1238609,46.56576945541271
7000,1.37,210862800000.0,0.0,0.1852096,-2.915689,5.302036,1323176000.0,0.3063853,5.763391,0.1009176,45.327222552049726
8000,1.473,164059000000.0,0.0,0.02291373,110.3108,5.623022,915614600.0,0.2372075,156.3429,0.1232049,46.50312215923301
9000,1.575,342767800000.0,0.0,0.1452881,-0.4417026,2.733182,1693974000.0,0.1657546,-20.57162,0.1595728,44.801140512587125
10000,1.675,2328091000000.0,0.0,0.2554748,69.60742,4.268869,44340290000.0,0.07805796,76.32272,0.03905077,208.83446786620047
11000,1.776,319889500000.0,0.0,0.3318788,-18.57653,2.792425,2245967000.0,0.08174579,-20.5526,0.04705225,48.80737512418252
12000,1.88,208449100000.0,0.0,0.2091795,-149.0077,4.049183,1022916000.0,0.5656403,-92.01053,0.05817206,40.688461054274704
13000,1.986,431519100000.0,0.0,0.3621874,112.9104,4.606467,4283923000.0,0.3465457,96.45816,0.08159655,64.19326364801833
14000,2.095,202768300000.0,0.0,0.3094107,114.6162,7.579778,982811000.0,0.1695251,148.5175,0.03597824,50.565038664360586
15000,2.209,150314200000.0,0.0,0.2348712,80.34048,3.440756,366592400.0,0.4814912,101.2562,0.06280341,34.1505963320884
16000,2.325,129717900000.0,0.0,0.3826987,-155.6881,2.899713,527482700.0,0.1772225,-154.7587,0.05305731,32.63511680831399
17000,2.448,174582200000.0,0.0,0.2215655,176.2297,8.478853,728291100.0,0.4613227,142.3775,0.08419711,64.02512659860498
18000,2.576,1510080000000.0,0.0,0.3166632,83.2104,3.664225,36819670000.0,0.6020383,107.805,0.03355774,211.09601629480815
19000,2.715,142232900000.0,0.0,0.1421939,-102.0121,3.892423,383624800.0,0.2272566,-131.2311,0.1198384,48.30031061582116
20000,2.86,162181000000.0,0.0,0.3641004,-138.6747,6.810267,636964400.0,0.219961,-125.4627,0.08201354,60.056041400688805
21000,3.021,519996000000.0,0.0,0.2260496,-132.2027,2.763142,4912331000.0,0.3233472,-97.55993,0.04399418,75.9899248862117
22000,3.205,121059800000.0,0.0,0.3096281,-142.4956,3.903131,380548000.0,0.3369965,-189.315,0.06808424,42.59248343421195
23000,3.409,1510080000000.0,0.0,0.09717602,-66.05749,3.294789,31136150000.0,0.2241183,-126.1926,0.1190212,130.8710572596921
24000,3.654,213796200000.0,0.0,0.0890634,-167.0402,7.230147,937593100.0,0.1543301,-187.9782,0.1283777,84.94650822362885
25000,3.956,1409289000000.0,0.0,0.2353771,74.46984,3.516404,27963660000.0,0.4242923,42.44837,0.1513338,131.68677932885203
26000,4.365,123879700000.0,0.0,0.2743437,129.1014,3.550322,430190200.0,0.2638829,96.17179,0.07891054,50.42396333189363
27000,0.167,456036900000.0,0.0,0.1188072,169.156,14.98772,14860840000.0,0.3231347,142.0522,0.2992412,93.07837318356056
28000,0.583,177418900000.0,0.0,0.1176485,-143.2918,5.7883,1862593000.0,0.2015796,-175.919,0.2017952,41.97826859600525
29000,0.769,111429500000.0,0.0,0.2941329,76.90502,6.401553,544478700.0,0.2274697,67.69631,0.133489,35.82565930084162
30000,0.914,164437200000.0,0.0,0.192003,166.3386,6.928714,1289330000.0,0.1252637,176.5606,0.0594728,41.50026957529765
31000,1.041,192752500000.0,0.0,0.105853,46.26703,8.516834,1239521000.0,0.2043308,67.62628,0.08633289,48.39191307590416
32000,1.157,254683000000.0,0.0,0.3499887,-20.75647,3.751655,2486922000.0,0.459806,-18.88456,0.05924137,46.97066797330485
33000,1.267,161808000000.0,0.0,0.3225283,44.96386,6.11422,976052600.0,0.2436842,27.82204,0.0971705,43.17591764708582
34000,1.372,112460500000.0,0.0,0.2168907,-137.3874,4.540243,451641200.0,0.5996155,-115.7708,0.1010381,34.65905590585079
35000,1.475,157036300000.0,0.0,0.4189524,19.42519,5.014149,741584000.0,0.1933192,9.83488,0.05799741,36.9024036670885
36000,1.577,469894100000.0,0.0,0.1967412,92.39327,2.450974,7077551000.0,0.3456886,96.44195,0.05684676,72.46178718632059
37000,1.678,2187762000000.0,0.0,0.3071922,154.353,2.625283,80492700000.0,0.474877,131.6541,0.1762781,143.21396755042963
38000,1.78,347536200000.0,0.0,0.212435,-47.19547,3.357764,2567968000.0,0.2056643,-49.14379,0.08953713,49.31823548719419
39000,1.883,130918200000.0,0.0,0.4057991,-175.1688,3.663931,448557500.0,0.301754,-174.2841,0.04160319,31.03683349539347
40000,1.988,163305200000.0,0.0,0.3289321,-10.16446,2.958612,551139900.0,0.5028275,48.65437,0.08378947,34.75273751450917
41000,2.096,202768300000.0,0.0,0.219251,171.1289,5.806338,1258931000.0,0.3447854,150.277,0.0527919,49.33875965831616
42000,2.21,179473400000.0,0.0,0.1847618,-59.54855,2.474476,653865500.0,0.2954346,-76.59433,0.04267127,33.04690192857812
43000,2.326,118850200000.0,0.0,0.160686,-54.35576,5.120469,233937300.0,0.1475304,-102.7127,0.07812605,42.11278224991519
44000,2.447,387257600000.0,0.0,0.2686028,-132.7675,2.556944,3079716000.0,0.2075975,-163.5788,0.02132244,77.52211571917375
45000,2.577,148251800000.0,0.0,0.1401841,92.73442,1.709051,529395300.0,0.2622416,187.1847,0.08202134,31.42302231644995
46000,2.716,136144500000.0,0.0,0.1183572,-109.617,3.835881,404704900.0,0.2882287,-156.5355,0.06963078,40.21128707906592
47000,2.867,242102900000.0,0.0,0.378526,174.3922,6.321468,1451331000.0,0.1830324,187.9372,0.08266985,65.77212519662135
48000,3.032,127643900000.0,0.0,0.2800684,163.8979,7.975387,333823800.0,0.2972975,187.8167,0.05803164,56.22157212923744
49000,3.216,103514200000.0,0.0,0.3679542,38.27484,4.685887,303433000.0,0.3031332,48.87026,0.1030314,50.85440419065934
50000,3.422,134896300000.0,0.0,0.3218319,-162.6808,3.485185,579564400.0,0.638734,-184.0054,0.08915498,47.38903753740709
51000,3.665,1145513000000.0,0.0,0.310377,-29.80093,3.314313,15172580000.0,0.1047613,13.88641,0.1231982,107.02215900382986
52000,3.964,128825000000.0,0.0,0.3590625,-25.96462,3.058943,644837600.0,0.2546417,-20.45438,0.1525909,56.71275754108049
53000,4.371,113240000000.0,0.0,0.1746388,-38.66677,4.741002,366616000.0,0.4201204,-18.27256,0.1192189,63.95213043814292
54000,0.189,2654606000000.0,0.0,0.1422243,-95.06702,11.54648,54557580000.0,0.5863789,-53.35753,0.3837708,142.5233693707168
55000,0.589,155596600000.0,0.0,0.1935949,-169.9151,22.8155,879858900.0,0.2940754,-125.6298,0.1276464,68.91784972661084
56000,0.771,413999700000.0,0.0,0.1468198,164.2356,6.569849,6218348000.0,0.2862682,162.1544,0.157349,62.35088283230826
57000,0.914,167880400000.0,0.0,0.1815479,-30.98409,11.50786,1143566000.0,0.4084303,-35.45226,0.1011425,53.68057155333015
58000,1.04,236047800000.0,0.0,0.2334725,-36.3662,8.441501,2779238000.0,0.467076,-30.15932,0.1034997,56.97588600355191
59000,1.155,432513800000.0,0.0,0.1816701,1.686467,7.563057,5971528000.0,0.2813997,80.18792,0.1087782,70.11059556375452
60000,1.265,121618600000.0,0.0,0.5133699,-138.767,6.06109,336421500.0,0.3373171,-190.7244,0.08602774,36.57374012648853
61000,1.369,103038600000.0,0.0,0.3097709,39.4023,7.688753,223108000.0,0.1282617,37.38452,0.06670811,37.60577233268529
62000,1.471,396278000000.0,0.0,0.0364738,-152.1735,3.160235,3781404000.0,0.2823551,-178.0933,0.1638876,52.21948370398589
63000,1.573,242661000000.0,0.0,0.288455,-141.4768,5.283873,1032645000.0,0.5317587,-147.9879,0.08830292,46.10706101984248
64000,1.674,3784426000000.0,0.0,0.0967629,133.7933,3.643906,108610400000.0,0.103311,44.02228,0.11005,201.34346500830637
65000,1.776,135518900000.0,0.0,0.00030588,-16.00902,6.542167,482913700.0,0.1267307,-42.09026,0.04973163,39.64546596598327
66000,1.878,334195000000.0,0.0,0.1100794,-44.67617,3.579663,2576327000.0,0.5554413,-50.67894,0.06273629,51.40463124214458
67000,1.983,177827900000.0,0.0,0.4096137,24.93723,6.161784,842954300.0,0.5649762,53.60831,0.09707551,52.202997305963656
68000,2.09,487528500000.0,0.0,0.4290061,120.0897,4.126787,4833905000.0,0.3104606,115.1216,0.06357365,67.52124516946768
69000,2.202,126182800000.0,0.0,0.3174452,-57.555,6.69424,247491900.0,0.155389,-26.48587,0.05318905,42.09020848346862
70000,2.319,228559900000.0,0.0,0.3763465,2.524946,5.718402,980275400.0,0.5430547,-2.679968,0.05780055,50.46088278901099
71000,2.44,123879700000.0,0.0,0.1770082,-80.0453,3.113907,302298000.0,0.3244015,-51.57821,0.06262716,32.672639638998234
72000,2.568,366437600000.0,0.0,0.4172859,-19.24432,2.117664,2394822000.0,0.3355937,-4.633801,0.07416343,48.77455137696484
73000,2.707,109900600000.0,0.0,0.03570943,106.2842,4.804409,415508100.0,0.3027495,103.2138,0.1197279,50.51976167787791
74000,2.855,144877200000.0,0.0,0.4321403,88.99407,4.285386,667119700.0,0.2294021,156.5171,0.1161342,52.35550856773647
75000,3.017,1570363000000.0,0.0,0.2546493,11.62657,2.246952,31961680000.0,0.302584,42.74222,0.1442263,115.7983163607996
76000,3.197,114287800000.0,0.0,0.3269092,41.71668,4.136093,245688800.0,0.4362679,34.19325,0.2723983,65.59481825997011
77000,3.4,188799100000.0,0.0,0.2023622,-155.2073,2.931922,752683000.0,0.2469737,-189.2692,0.1102343,50.423675826755584
78000,3.644,295801200000.0,0.0,0.2602314,51.00549,5.74101,2582837000.0,0.3729298,-5.978973,0.09809794,79.60216379732208
79000,3.948,202768300000.0,0.0,0.1778745,-24.04621,4.681641,1275917000.0,0.3123775,-28.48216,0.05086503,58.62883303136319
80000,4.349,114551300000.0,0.0,0.2393812,-30.44238,3.81561,374022300.0,0.4030364,-53.04,0.07705891,50.51157427278688
81000,4.99,106659600000.0,0.0,0.306394,-104.6861,4.752514,468327000.0,0.1140621,-105.3311,0.1197135,68.02971762064827
82000,0.575,353997300000.0,0.0,0.1779011,-149.4444,7.413384,6972976000.0,0.3513757,-157.1435,0.1715538,62.910508473270745
83000,0.762,314774800000.0,0.0,0.3066606,125.7153,8.733132,5157850000.0,0.08606017,107.7355,0.07507997,66.51330559537574
84000,0.908,5023426000000.0,0.0,0.3151394,-175.8824,5.271185,86525180000.0,0.2758428,-277.765,0.1545141,165.7092658517422
85000,1.035,211348900000.0,0.0,0.06870417,177.5601,11.04868,1574545000.0,0.4904886,214.9799,0.1999372,68.66100990311433
86000,1.151,490907900000.0,0.0,0.1085347,-142.097,3.451073,6465106000.0,0.2692476,-101.6153,0.05402157,72.05976964835948
87000,1.262,179060600000.0,0.0,0.2555593,36.06203,7.157274,919481200.0,0.2248129,59.69274,0.1032513,47.61071230985154
88000,1.366,101157900000000.0,0.0,0.3607857,-27.20392,4.26088,206742800000.0,0.3494304,-43.67563,0.07626202,330.8992117364367
89000,1.47,110662400000.0,0.0,0.2751503,-1.150264,9.00219,435826200.0,0.5927074,27.41903,0.1087801,50.627037980104085
90000,1.572,108392700000.0,0.0,0.3061177,-168.7538,5.489758,435714700.0,0.3984499,-196.4227,0.03054711,32.41031689570173
91000,1.674,237137400000.0,0.0,0.1530996,48.61944,5.867947,1251883000.0,0.2499492,41.5727,0.09553461,51.20356171795919
92000,1.777,172186900000.0,0.0,0.2755013,179.904,4.584724,571881800.0,0.01023002,122.0863,0.1164734,44.36394600456692
93000,1.88,452897600000.0,0.0,0.4537761,117.6119,4.16772,5162912000.0,0.4667617,92.28543,0.1212721,64.68606534607146
94000,1.985,1140250000000.0,0.0,0.3289222,-143.3635,3.121907,13995190000.0,0.4202908,-127.5934,0.04194931,116.56103821380589
95000,2.093,175792400000.0,0.0,0.3728043,117.7849,9.009249,726133600.0,0.2946544,89.17173,0.05252445,54.363913079022055
96000,2.203,219786000000.0,0.0,0.3551503,148.6395,4.979182,878502900.0,0.4338226,70.06166,0.1084679,53.21650031086804
97000,2.318,550807700000.0,0.0,0.2155336,-170.2588,1.828702,7350935000.0,0.3248659,-188.2753,0.107273,63.60458908558604
98000,2.441,108893000000.0,0.0,0.1106599,-171.9694,9.281882,204610800.0,0.2849691,-168.5237,0.05475503,51.404475846370254
99000,2.569,172981600000.0,0.0,0.3448436,124.8016,4.248217,752329000.0,0.4281892,138.7044,0.07925489,46.33253337003557
100000,2.707,105681800000.0,0.0,0.01944011,-12.61596,4.827955,319024800.0,0.2466477,-61.43658,0.0885152,45.355766501480765
101000,2.854,104954200000.0,0.0,0.1459775,-159.537,2.403017,254006800.0,0.4283797,-128.6708,0.08542376,33.48434378078372
102000,3.02,458141900000.0,0.0,0.1738101,-26.01398,2.366391,4384143000.0,0.2245901,2.588393,0.02996615,81.70689834888181
103000,3.199,946237200000.0,0.0,0.3974014,142.1843,3.141583,13564090000.0,0.08086464,195.6214,0.06930456,104.47314223368136
104000,3.411,100461600000.0,0.0,0.07807752,97.60676,5.578273,322882200.0,0.6737542,69.84185,0.09047658,54.35756970137952
105000,3.649,163305200000.0,0.0,0.0005342193,145.9441,1.996271,720021400.0,0.1128107,131.9813,0.0880013,41.36147266980641
106000,3.95,228034200000.0,0.0,0.4754705,-113.0198,2.342396,1742912000.0,0.307198,-29.79353,0.06996258,51.924200744118856
107000,4.357,341979400000.0,0.0,0.1625734,-147.6231,2.019011,2812164000.0,0.192467,-96.25973,0.05727334,61.56593235208109
108000,0.161,252348100000.0,0.0,0.3382616,-44.65944,12.02293,5044537000.0,0.2309588,-82.0673,0.17204,67.0191182881911
109000,0.581,1559553000000.0,0.0,0.434796,25.2584,8.67237,55577790000.0,0.1192209,-21.49948,0.08994599,178.34770346797262
110000,0.767,979490000000.0,0.0,0.3154402,-147.5308,9.302455,27143070000.0,0.08225032,-201.3287,0.0966271,122.55930941440802
111000,0.911,142560800000.0,0.0,0.3603644,-106.8109,8.707948,514485100.0,0.1471263,-117.7461,0.05756253,37.41522382665374
112000,1.039,111943800000.0,0.0,0.4926601,9.06096,6.47135,654669000.0,0.4060622,66.90017,0.1719127,43.32158186042616
113000,1.154,262421900000.0,0.0,0.2374692,-108.481,5.370436,2348113000.0,0.1901661,-94.97794,0.06780548,48.621435767374216
114000,1.264,181970100000.0,0.0,0.2229431,-66.75315,9.578169,937658000.0,0.2664705,0.5682427,0.1017713,55.07459846760281
115000,1.368,395366600000.0,0.0,0.1438834,82.1125,3.402077,6321544000.0,0.3064574,93.94091,0.09377135,60.53679100850047
116000,1.47,204644500000.0,0.0,0.02075513,-130.9513,7.926695,882315300.0,0.2559387,-78.49641,0.09358578,52.94758234578966
117000,1.572,462381000000.0,0.0,0.1492668,-137.5495,4.290285,6181129000.0,0.3268134,-90.42231,0.07564647,67.25497699116315
118000,1.674,147231300000.0,0.0,0.1479125,-116.4454,6.476655,602764300.0,0.3543934,-93.34367,0.1234137,50.43683246483742
119000,1.777,181134000000.0,0.0,0.431889,-19.31992,8.139637,1034789000.0,0.3639167,-26.29183,0.05663962,51.37451522238538
120000,1.881,514043700000.0,0.0,0.2470952,113.457,3.305303,6116284000.0,0.6654815,113.7325,0.1531712,64.08546530754516
121000,1.988,165958700000.0,0.0,0.1577067,-169.7299,6.894265,850365400.0,0.3226334,-156.4744,0.05099994,47.15466391698559
122000,2.096,135831300000.0,0.0,0.3372626,-130.9043,3.227432,376403700.0,0.3229734,-141.5966,0.04975379,30.662157392814628
123000,2.207,100461600000.0,0.0,0.1140329,-127.7979,2.260713,309885600.0,0.3153371,-167.5687,0.06414341,27.07321649870413
124000,2.323,116144900000.0,0.0,0.3230618,168.828,5.038478,414217900.0,0.1201506,213.1824,0.1550043,52.48830373845968
125000,2.444,160694100000.0,0.0,0.1393111,72.92992,2.742505,580612600.0,0.5309228,1.665827,0.04615626,33.73779282322741
126000,2.573,201372400000.0,0.0,0.2718818,9.64682,2.360357,923801900.0,0.1132266,18.67204,0.04853158,37.69781993498958
127000,2.71,1213389000000.0,0.0,0.2526527,-68.38093,2.875334,18351390000.0,0.3407629,-81.18865,0.08730259,105.69708091018684
128000,2.854,1285287000000.0,0.0,0.1859677,76.01121,2.692076,18791890000.0,0.2795611,39.46157,0.08707459,107.42829429917424
129000,3.016,365594800000.0,0.0,0.2020662,-8.858659,6.780783,3268938000.0,0.09532673,25.97313,0.03957254,77.77277911955179
130000,3.194,526017300000.0,0.0,0.2699786,-61.58168,3.478922,5053237000.0,0.3422336,-54.46917,0.08154524,73.76694452044232
131000,3.4,191866900000.0,0.0,0.1469804,134.6695,3.766866,813375600.0,0.01368375,89.56154,0.09755394,54.44433718480063
132000,3.643,143218800000.0,0.0,0.0567687,51.99127,2.009898,497586000.0,0.309952,82.96565,0.1075517,41.69575223071452
133000,3.942,109395600000.0,0.0,0.2024651,-86.27221,1.837048,419404700.0,0.1765883,-56.57329,0.1659097,46.00000152215072
134000,4.327,105438700000.0,0.0,0.2315386,34.54169,3.386503,357503800.0,0.5873774,1.963527,0.0899148,49.3447751591814
135000,4.95,109647800000.0,0.0,0.301218,-147.9456,2.665899,419582700.0,0.4321966,-165.4168,0.1136909,52.381724399067295
136000,0.569,117760600000.0,0.0,0.4283246,-46.94245,3.360178,923229200.0,0.2779621,-70.2259,0.1234174,27.76146334759923
137000,0.758,121059800000.0,0.0,0.2542283,9.128328,13.83681,543579700.0,0.239489,59.6565,0.1055995,50.47254022329847
138000,0.903,156314800000.0,0.0,0.2798736,-101.5484,6.22467,1682314000.0,0.1451288,-158.045,0.03189384,50.35772511374156
139000,1.031,190107800000.0,0.0,0.2556032,103.5591,4.226378,1313294000.0,0.2836365,154.1977,0.1133629,37.952689961075535
140000,1.147,189670600000.0,0.0,0.2946638,-11.65725,5.114033,1602889000.0,0.1899109,-69.64895,0.0717285,42.01141784273021
141000,1.256,135518900000.0,0.0,0.3743733,2.860349,6.015199,563668400.0,0.404745,-71.36055,0.07417776,37.036919458008406
142000,1.361,179887100000.0,0.0,0.2414449,-98.55193,6.367062,979370800.0,0.4707294,-120.2764,0.1060018,46.92957319959036
143000,1.465,1651962000000.0,0.0,0.1930929,-107.259,4.767724,46635180000.0,0.4260547,-77.31015,0.0808314,155.04157444682798
144000,1.567,5997911000000.0,0.0,0.2271805,-11.11039,4.504157,77974940000.0,0.2616358,-14.80145,0.1742419,158.4407537017388
145000,1.669,115080000000.0,0.0,0.2531301,67.04073,4.820105,300508900.0,0.416609,104.5671,0.1415719,42.52963429044377
146000,1.769,1479108000000.0,0.0,0.01055434,-70.12637,4.018457,29045170000.0,0.2334535,-106.4393,0.10097,117.46713888541252
147000,1.872,193642200000.0,0.0,0.3472934,59.204,5.380763,1020959000.0,0.3521453,31.17696,0.1006406,49.61560964936173
148000,1.977,433510900000.0,0.0,0.3791463,47.77549,2.565032,3427336000.0,0.2070589,29.98642,0.04880187,57.91035370673099
149000,2.086,141253800000.0,0.0,0.2380715,101.4348,5.084066,320658400.0,0.1400299,97.62956,0.05664594,37.74965325524611
150000,2.198,119949900000.0,0.0,0.2647657,149.4236,4.845068,338068700.0,0.3944138,145.5833,0.1751548,52.332719418613735
151000,2.313,101859100000.0,0.0,0.2097148,121.8115,4.439793,185275700.0,0.3511546,132.323,0.07185903,36.68722654761992
152000,2.435,211348900000.0,0.0,0.1445511,-75.72693,3.460507,680800700.0,0.3347575,-86.24673,0.1720779,53.732253972938025
153000,2.562,109395600000.0,0.0,0.4807694,147.8185,6.134794,328244800.0,0.1456833,124.1462,0.1206802,54.96292459519762
154000,2.699,512861400000.0,0.0,0.1069831,73.8638,3.112749,4660809000.0,0.3561449,147.4548,0.1009885,66.0725599419335
155000,2.845,190546100000.0,0.0,0.4482816,-26.69972,5.12405,791827500.0,0.0912398,-33.73243,0.1259691,61.70113151764878
156000,3.007,108893000000.0,0.0,0.2278887,-160.5501,4.839218,369519900.0,0.2853391,-216.3824,0.07995991,46.856876996766495
157000,3.185,104954200000.0,0.0,0.2918426,-153.446,3.108625,407758700.0,0.1450593,-127.4987,0.06245576,37.0347496191096
158000,3.387,200447200000.0,0.0,0.191181,21.0432,2.870218,1253411000.0,0.1493324,55.57996,0.06684655,47.64346459894622
159000,3.632,111686300000.0,0.0,0.142015,82.68963,3.99077,377074000.0,0.4108428,74.97729,0.1257693,54.6863309523263
160000,3.924,158124800000.0,0.0,0.4269114,-47.40344,2.512022,853975600.0,0.5551618,-62.76823,0.09041742,47.28434135993336
161000,4.319,169433800000.0,0.0,0.3815611,148.5661,2.992251,618966200.0,0.2808265,134.8786,0.09954275,53.98984685098
162000,4.945,130918200000.0,0.0,0.1459154,7.541489,4.431553,710500400.0,0.3573219,20.54489,0.07753418,61.18213968543541
163000,0.564,175388100000.0,0.0,0.2162911,167.2872,10.49985,1310602000.0,0.2371013,163.7501,0.2165532,53.7734888472304
164000,0.755,100230500000.0,0.0,0.07501883,-145.2794,6.971398,392634100.0,0.376009,-171.1127,0.2121159,40.86689133308064
165000,0.902,137404200000.0,0.0,0.4282181,-149.5113,7.576875,812981500.0,0.1789406,-178.4057,0.166237,46.27339323416104
166000,1.026,516416400000.0,0.0,0.4081135,159.8372,4.033252,14936960000.0,0.4301497,190.4885,0.08897784,87.29201486586446
167000,1.143,368129000000.0,0.0,0.4482463,-70.80407,5.560327,5905820000.0,0.332399,-62.98557,0.0781976,65.29510412339674
168000,1.252,299916300000.0,0.0,0.2899225,137.8503,6.96052,2766911000.0,0.5123323,141.499,0.04997688,57.70036459293211
169000,1.358,100693200000.0,0.0,0.3093641,-42.75383,5.454755,385516100.0,0.240397,-11.03806,0.07684921,33.85568646800466
170000,1.461,197242300000.0,0.0,0.4598326,-103.2084,5.018474,1081700000.0,0.2237183,-106.8967,0.1018864,43.97828026230186
171000,1.562,306902200000.0,0.0,0.1009435,-135.0104,3.122774,3238336000.0,0.3306484,-120.0643,0.09072767,48.90756218607405
172000,1.663,438530700000.0,0.0,0.319739,111.4262,3.614207,3711524000.0,0.3383424,105.0492,0.04203397,63.44522293654257
173000,1.765,749894200000.0,0.0,0.1138301,-105.1837,3.654654,13162530000.0,0.2712122,-79.03822,0.08485638,87.35187400561928
174000,1.866,112979600000.0,0.0,0.139287,-143.9096,5.224078,339432400.0,0.3127419,-144.4792,0.08080366,38.96923029156334
175000,1.972,100693200000.0,0.0,0.2057372,-170.9961,6.896906,324070400.0,0.03789297,-159.9919,0.0949752,47.032560431827925
176000,2.08,133352100000.0,0.0,0.06521445,-116.5157,10.12077,410737000.0,0.3085353,-116.5373,0.1130512,65.72773602070667
177000,2.19,114287800000.0,0.0,0.1759277,-69.65465,5.247757,294699900.0,0.4166674,-84.70032,0.04968548,36.27559986531263
178000,2.306,216271900000.0,0.0,0.2410428,-99.60521,3.131278,999823300.0,0.1784112,-96.65596,0.1042687,44.27887042365226
179000,2.426,194536000000.0,0.0,0.5396653,48.88525,2.737841,1055859000.0,0.4065523,7.499125,0.07301936,40.03639734011387
180000,2.553,210377800000.0,0.0,0.0466196,-25.2613,2.673415,948696000.0,0.3107343,1.858781,0.08349922,41.149550839150216
181000,2.688,372391700000.0,0.0,0.3113818,-82.6582,2.548211,2313192000.0,0.4488351,-92.36007,0.05214321,52.6570964566277
182000,2.837,101157900000.0,0.0,0.4819888,-37.84906,4.908081,289659700.0,0.4257792,-37.19942,0.08263065,45.23735296718104
183000,2.996,146554800000.0,0.0,0.07873412,107.4395,4.032686,537672800.0,0.2231683,22.64935,0.09242233,48.32148506814848
184000,3.174,1233105000000.0,0.0,0.3837956,-153.3848,4.181169,19323530000.0,0.3265621,-135.0166,0.06673846,126.50019889078877
185000,3.382,190107800000.0,0.0,0.3635271,-12.69107,2.825232,853798800.0,0.6042715,20.38017,0.1217945,51.48372437691715
186000,3.623,143548900000.0,0.0,0.3101531,-13.30021,3.641043,782937500.0,0.3468564,42.79476,0.08474296,50.52089602543332
187000,3.914,179887100000.0,0.0,0.2423604,131.8711,5.259818,733552200.0,0.2518064,130.332,0.1211662,71.30638364430307
188000,4.307,126473600000.0,0.0,0.3162259,-30.17262,3.760368,626266500.0,0.4518603,-27.35653,0.1015357,56.642447627958425
189000,4.932,161435900000.0,0.0,0.2266854,105.6917,3.559472,619835200.0,0.2622438,62.80378,0.1074758,63.18241904391285
190000,0.557,212813900000.0,0.0,0.1712199,-138.5975,9.695251,2479881000.0,0.2305192,-168.5066,0.04062254,60.1986522124628
191000,0.75,118576900000.0,0.0,0.2947425,-13.92381,5.577095,767714600.0,0.4130501,-31.20167,0.1047869,33.19321847156739
192000,0.896,289068000000.0,0.0,0.3063507,-58.22103,5.895714,4465823000.0,0.4464047,-71.3607,0.08427477,57.318277870321324
193000,1.024,433510900000.0,0.0,0.1139461,15.06829,6.881868,10185120000.0,0.2549009,14.63286,0.07075284,84.6862016475136
194000,1.141,117219500000.0,0.0,0.2243782,51.54375,6.958366,364020600.0,0.4503109,19.88589,0.1093986,40.30313342747106
195000,1.25,138995300000.0,0.0,0.2162521,158.6471,9.322525,663761000.0,0.4671012,196.63,0.07007966,45.86004684999227
196000,1.352,400866700000.0,0.0,0.197668,-163.806,6.012479,4177757000.0,0.2008876,-145.722,0.03346543,74.34982723706835
197000,1.456,16788040000000.0,0.0,0.1116953,0.8661585,3.741288,78662400000.0,0.2718734,-40.16464,0.1639677,163.18786051664003
198000,1.558,442588400000.0,0.0,0.1655117,-36.25123,5.55502,4550780000.0,0.1071923,-56.60879,0.08875365,64.40402642793256
199000,1.659,103276100000.0,0.0,0.1388186,59.15597,3.581463,207498000.0,0.00511821,84.2692,0.04790278,25.674718161530304
200000,1.76,609536900000.0,0.0,0.3472193,-176.0141,4.469458,6983309000.0,0.1853291,-150.17,0.06049442,76.71020107927485
201000,1.863,213304500000.0,0.0,0.09352452,-174.5107,3.464214,851290200.0,0.4317271,-122.5652,0.1009431,40.96452848941261
202000,1.969,291742700000.0,0.0,0.1755043,-139.3448,4.23242,1912824000.0,0.1549874,-139.4123,0.06171126,49.7641324317976
203000,2.077,448745400000.0,0.0,0.2229983,-80.50157,4.505459,3344945000.0,0.2231217,-28.2369,0.03529747,68.04201632902364
204000,2.188,207491400000.0,0.0,0.06737898,123.5851,5.164224,912063000.0,0.126883,140.5663,0.0335065,44.52881955531023
205000,2.304,105681800000.0,0.0,0.2232567,-12.21406,2.448687,295491800.0,0.3288309,2.724214,0.1018513,32.45239542307966
206000,2.424,180301800000.0,0.0,0.2496669,-23.70099,2.698722,726919500.0,0.5822223,2.03619,0.06388085,36.44177670315476
207000,2.55,125603000000.0,0.0,0.2676905,112.9673,6.044524,252765700.0,0.4451032,93.22325,0.1109346,54.40008031566586
208000,2.688,251188600000.0,0.0,0.268368,80.27779,5.073912,1645720000.0,0.5126729,171.0568,0.1191856,64.26461009855718
209000,2.835,184501500000.0,0.0,0.3966573,-8.842849,3.567096,755311100.0,0.3025877,23.83147,0.1104197,49.88947910297938
210000,2.995,183231400000.0,0.0,0.4197336,65.54935,3.750231,1328627000.0,0.3194702,62.32932,0.06856681,49.55826611346895
211000,3.175,174582200000.0,0.0,0.2302947,-115.577,2.938994,882650100.0,0.5488633,-117.4636,0.1125307,48.915210419165085
212000,3.374,266072500000.0,0.0,0.4412517,85.3805,2.483453,912091300.0,0.2042013,118.1139,0.07945995,46.26837648084217
213000,3.606,130017000000.0,0.0,0.05177765,-27.6657,3.732884,519435800.0,0.3156382,-8.946486,0.05074153,42.70463757648216
214000,3.894,103514200000.0,0.0,0.2829775,116.8161,5.302923,359542200.0,0.3043139,103.4143,0.07356389,53.70899831006156
215000,4.271,169824400000.0,0.0,0.3432692,5.422464,3.837241,1016804000.0,0.1078304,-12.55079,0.08615926,59.00544134049721
216000,4.836,328851600000.0,0.0,0.1965061,-27.33192,5.215526,2947847000.0,0.3294561,-69.30318,0.09970776,90.37777656472478
217000,0.531,208449100000.0,0.0,0.2325444,-116.2975,8.713974,2769198000.0,0.6053309,-121.8771,0.0593663,55.548968106454886
218000,0.734,395366600000.0,0.0,0.05629466,151.5498,5.80678,8208104000.0,0.3673228,158.8282,0.06523124,79.05125566180847
219000,0.882,168655300000.0,0.0,0.304404,-92.09916,3.929068,1209213000.0,0.06969974,-62.19199,0.1082906,34.366849168419705
220000,1.012,295801200000.0,0.0,0.2423973,-43.57549,4.526938,3571512000.0,0.5831293,-62.55484,0.2415207,53.43491088894464
221000,1.131,210377800000.0,0.0,0.4535013,53.17946,6.728904,1467374000.0,0.1367956,22.57093,0.05084012,45.451377478480254
222000,1.241,128233100000.0,0.0,0.290577,3.11427,4.077288,422688800.0,0.3736363,46.36642,0.09159501,31.44818065812432
223000,1.345,193642200000.0,0.0,0.2077113,83.51576,2.08164,1230762000.0,0.3077285,96.48707,0.07240514,32.57880324731535
224000,1.449,1016249000000.0,0.0,0.3788219,-32.55309,3.526938,28783360000.0,0.3878157,-2.695816,0.06016413,137.59776388716983
225000,1.553,1124605000000.0,0.0,0.1050794,-83.59438,6.127194,31687560000.0,0.3085357,-79.75826,0.05528141,153.53347130102372
226000,1.656,145211200000.0,0.0,0.2832155,146.9128,4.716746,504940900.0,0.3882605,123.3727,0.03495806,33.36862156287021
227000,1.757,141905800000.0,0.0,0.3720729,-166.5413,4.126494,522754600.0,0.03010576,-177.7553,0.03225938,32.986343219714904
228000,1.86,578096000000.0,0.0,0.2075847,-108.6782,7.115701,6005856000.0,0.4379557,-131.2884,0.05245027,82.60584000188955
229000,1.967,125603000000.0,0.0,0.1113298,27.46471,5.169791,463090200.0,0.4101441,32.23862,0.06215423,38.44073773283765
230000,2.073,179887100000.0,0.0,0.246711,-114.226,5.08943,466378000.0,0.2633143,-58.29206,0.1109506,49.33543921779294
231000,2.184,147910800000.0,0.0,0.1842775,-78.45751,6.426372,521648600.0,0.3469515,-127.1234,0.1124216,54.928349581176136
232000,2.298,276057800000.0,0.0,0.0294288,87.0114,2.936114,1555859000.0,0.5688267,99.01937,0.06132399,44.69220998916623
233000,2.421,155238700000.0,0.0,0.311947,-103.7435,2.681296,444778400.0,0.1116098,-144.1953,0.1037122,37.88293688688414
234000,2.547,142232900000.0,0.0,0.07704278,-164.0758,4.098575,333453000.0,0.3888709,-199.2803,0.04441047,35.40324382196479
235000,2.683,211836100000.0,0.0,0.2718312,13.70912,2.305821,807548600.0,0.3404953,41.43261,0.05354065,36.98990093535131
236000,2.828,553350100000.0,0.0,0.391615,-143.9058,2.177775,3741179000.0,0.4837098,-112.4667,0.1283875,59.92169815945218
237000,2.989,155596600000.0,0.0,0.3457857,19.61071,3.240776,430098700.0,0.09454838,84.5863,0.2006192,56.63867652843894
238000,3.168,133045400000.0,0.0,0.3927013,-57.42975,3.837373,600870100.0,0.1431157,-45.76069,0.08176274,46.4067682032447
239000,3.365,6934258000000.0,0.0,0.1531183,35.99521,2.245829,69423380000.0,0.4517421,20.88243,0.0603482,228.86100129352687
240000,3.602,150314200000.0,0.0,0.227047,48.42984,4.763068,881809100.0,0.1704547,55.17734,0.0906537,58.51916686058714
241000,3.893,136772900000.0,0.0,0.01915435,143.0304,5.046702,717516700.0,0.1572363,206.2037,0.08485562,59.520493388163615
242000,4.276,163305200000.0,0.0,0.5524742,-21.36044,5.804338,679837400.0,0.4144517,6.790355,0.1312416,78.10052370401853
243000,4.857,580764400000.0,0.0,0.275958,-45.50473,4.420174,7671348000.0,0.02841669,-10.84157,0.0479958,108.38150189506142
244000,0.539,175388100000.0,0.0,0.3496674,104.6193,12.56866,2116609000.0,0.2481311,50.84688,0.1099752,53.691626084418445
245000,0.736,148936100000.0,0.0,0.3182052,179.969,11.62871,1020969000.0,0.2645401,137.6739,0.1464089,53.26539956592229
246000,0.887,121059800000.0,0.0,0.4448001,136.631,5.285089,508353800.0,0.3070201,169.2061,0.04322782,29.632119706175853
247000,1.017,368129000000.0,0.0,0.1454084,-99.58132,5.085545,4912990000.0,0.2397505,-113.6617,0.1698276,57.26382271231959
248000,1.134,116681000000.0,0.0,0.1489076,-178.9799,5.106505,692151400.0,0.3081051,-184.9853,0.06680309,33.19383154745174
249000,1.245,206063000000.0,0.0,0.1818137,48.86541,3.659791,1127375000.0,0.4305177,55.27267,0.1813252,42.12983372007292
250000,1.352,626613900000.0,0.0,0.3462844,-27.56965,5.922487,13209710000.0,0.4323888,-75.27828,0.1444097,83.69305197550474
251000,1.456,916220500000.0,0.0,0.1780025,-108.6571,4.766412,27307110000.0,0.3443254,-77.09215,0.03048402,184.7442450157754
252000,1.558,153108700000.0,0.0,0.1206153,-32.67297,8.666957,818849000.0,0.3855725,-63.61823,0.07106964,49.9810509183971
253000,1.661,102329300000.0,0.0,0.1141606,-80.436,4.52295,376073400.0,0.4326536,-10.95315,0.08217882,34.38442295575115
254000,1.763,158124800000.0,0.0,0.1631437,-129.2327,3.973679,638119800.0,0.2129423,-123.868,0.03939356,34.42268827987817
255000,1.865,129419600000.0,0.0,0.2161,11.87983,8.297236,580910000.0,0.4937347,3.433826,0.05241782,46.30069941481466
256000,1.971,160694100000.0,0.0,0.2473695,168.1466,2.681155,537617700.0,0.3358396,81.08811,0.08492932,33.288665349586964
257000,2.079,234963300000.0,0.0,0.3277992,-58.76175,3.992801,1139661000.0,0.281641,-50.85057,0.07533897,44.7669919782938
258000,2.19,314774800000.0,0.0,0.2360173,172.796,5.89377,1463522000.0,0.2118012,140.2341,0.06150534,55.73916136032326
259000,2.307,131220000000.0,0.0,0.4351491,-139.5378,4.667543,442082400.0,0.5046694,-128.2515,0.06893743,40.58508107363504
260000,2.429,518800000000.0,0.0,0.09029691,56.21565,2.156404,4478330000.0,0.3905085,18.69259,0.1118572,57.48112622374931
261000,2.558,131522500000.0,0.0,0.2338355,-146.3474,3.041598,308374300.0,0.5676985,-149.696,0.09499976,38.03304291710226
262000,2.694,122461600000.0,0.0,0.4196851,-67.39514,5.073921,227236700.0,0.2447085,-120.4663,0.1219789,52.57732134756628
263000,2.841,101157900000.0,0.0,0.05237309,41.69836,3.810647,368548600.0,0.1509899,74.12605,0.1185636,45.55249355969231
264000,3.003,110917500000.0,0.0,0.2810087,125.509,3.210179,325627000.0,0.3087705,77.30347,0.1183505,44.07645421607121
265000,3.182,109395600000.0,0.0,0.2727686,-50.81496,6.371142,242120200.0,0.2037177,-18.27385,0.1499857,65.93917816771648
266000,3.385,214783000000.0,0.0,0.2319941,135.187,4.275366,928240300.0,0.136347,197.2383,0.04471495,49.93340131606622
267000,3.627,100693200000.0,0.0,0.1108615,54.34544,3.698992,356328300.0,0.3069852,23.65356,0.06593257,42.26492494305235
268000,3.92,190107800000.0,0.0,0.09349087,-18.9577,4.58024,917948600.0,0.3236562,-54.55172,0.04889197,54.332748818674624
269000,4.305,233345800000.0,0.0,0.2038311,89.38844,4.607004,1077401000.0,0.5484104,95.30545,0.03680357,57.95344694569112
270000,4.915,115877700000.0,0.0,0.1226132,161.3581,2.298392,422127100.0,0.5747976,209.4432,0.09021108,46.17737151381356
271000,0.553,184077200000.0,0.0,0.07187956,-55.09538,4.989603,1729311000.0,0.2615639,11.02114,0.1735667,38.1789411801993
272000,0.746,796159400000.0,0.0,0.3257975,78.34411,9.117007,23541490000.0,0.1028584,56.52714,0.08909945,117.72996313405612
273000,0.896,253512900000.0,0.0,0.02512107,-87.45033,4.97904,3857801000.0,0.5607933,-144.8781,0.05375261,59.07492784885479
274000,1.025,103992000000.0,0.0,0.366253,-173.4571,7.387825,434756600.0,0.3330584,-140.4887,0.1493468,42.897204677571246
275000,1.141,126182800000.0,0.0,0.230608,155.0396,4.60911,534654200.0,0.2868787,121.7842,0.09079062,32.72958750414596
276000,1.25,127938100000.0,0.0,0.03598448,60.30735,10.14504,606120600.0,0.1681072,41.8339,0.07003382,46.82298405277076
277000,1.355,154881700000.0,0.0,0.001347965,-109.2133,7.73463,602741500.0,0.3509008,-93.67263,0.09559899,47.28644336920669
278000,1.459,357272800000.0,0.0,0.3827565,144.5593,7.699862,2658461000.0,0.007077602,72.27281,0.1065148,64.7930860043981
279000,1.561,571478600000.0,0.0,0.1977538,-102.018,2.197958,9541709000.0,0.08996015,-114.6992,0.1604699,61.61491451087068
280000,1.662,264850000000.0,0.0,0.1140659,-135.6208,5.069465,1188383000.0,0.185495,-159.1712,0.08088191,46.76596510323869
281000,1.764,132434200000.0,0.0,0.3249191,-66.50735,4.030415,319481800.0,0.0997239,-41.59643,0.08444248,34.91725123623008
282000,1.865,432513800000.0,0.0,0.1675709,-115.9972,3.151038,2940710000.0,0.2658023,-99.24272,0.09249078,51.82707321374324
283000,1.972,143879900000.0,0.0,0.2007214,57.3051,5.608491,557560400.0,0.4712653,63.82546,0.05648514,40.65442724992516
284000,2.08,115611200000.0,0.0,0.001384911,-81.13979,8.002998,439045500.0,0.4170282,-36.23337,0.1089755,56.088337581916754
285000,2.191,629506200000.0,0.0,0.2782703,-95.30783,2.745226,7381711000.0,0.2298299,-100.61,0.07128361,73.04749335719241
286000,2.309,106905500000.0,0.0,0.2079375,19.71449,4.503082,312529100.0,0.1433983,11.42583,0.06664887,37.29823480697341
287000,2.428,121338900000.0,0.0,0.1207383,125.7634,5.351401,283673200.0,0.1784275,142.1878,0.07508656,43.8549865232842
288000,2.555,2387811000000.0,0.0,0.4325564,86.41082,5.280691,48062330000.0,0.3703725,108.8982,0.04109841,221.56366181914788
289000,2.691,172583800000.0,0.0,0.1108558,-52.48202,12.76441,585854300.0,0.08500516,-94.21935,0.04083916,67.25136911650367
290000,2.835,279254400000.0,0.0,0.2816665,-74.73559,6.284699,1349781000.0,0.4970477,-142.0164,0.06834013,63.53975911884821
291000,2.996,101391100000.0,0.0,0.2332925,-104.8934,1.732105,286340500.0,0.165247,-62.31742,0.116102,33.637713287928946
292000,3.174,474242000000.0,0.0,0.2786932,-6.469168,2.681409,4299375000.0,0.4429494,-58.72751,0.06511798,66.79585617264594
293000,3.374,155238700000.0,0.0,0.2180768,-48.3989,2.775421,415513600.0,0.5128024,-39.26642,0.1222599,47.762275413277806
294000,3.609,147570700000.0,0.0,0.4324174,12.11366,3.926664,428070100.0,0.642327,38.60072,0.05583628,44.61630791960191
295000,3.896,147910800000.0,0.0,0.4310454,-78.01279,2.97665,753072400.0,0.384861,-124.2379,0.05634761,44.37974101907516
296000,4.274,157036300000.0,0.0,0.2556291,24.42801,1.576293,664744600.0,0.321431,64.78474,0.1238845,44.96067927242607
297000,4.877,178237900000.0,0.0,0.1880298,141.3953,4.869645,1034023000.0,0.378374,157.2423,0.1005456,73.61949401689442
298000,0.538,194088600000.0,0.0,0.3286515,-94.90335,7.175878,2540280000.0,0.1762343,-95.59465,0.1035501,46.59057002452744
299000,0.736,347536200000.0,0.0,0.2457683,-17.20559,4.452126,8981452000.0,0.2540153,28.16366,0.04514379,94.63566954916658
300000,0.886,115345300000.0,0.0,0.03648228,57.02916,5.388435,689282900.0,0.2494399,123.3862,0.09238094,32.92399995368503
301000,1.013,582103200000.0,0.0,0.1966369,7.610655,5.05955,11884710000.0,0.5919723,4.632363,0.03917119,111.91352187230804
302000,1.131,209894000000.0,0.0,0.06679387,-145.316,4.946696,1065274000.0,0.4440215,-142.9138,0.05732992,38.08046582098552
303000,1.243,139315700000.0,0.0,0.3001571,100.805,9.979314,529190100.0,0.3382716,152.0435,0.08011795,48.31223654386923
304000,1.347,530884400000.0,0.0,0.3197872,127.4589,5.205642,12017960000.0,0.3550544,149.9385,0.09831479,81.65323674833022
305000,1.449,326587800000.0,0.0,0.2829493,-89.33586,5.896011,2672751000.0,0.3046244,-90.95644,0.05355613,56.08803624277666
306000,1.55,427562900000.0,0.0,0.3557879,-175.0009,6.860524,5398405000.0,0.3093285,-198.5408,0.07896001,71.37432828137852
307000,1.652,124738400000.0,0.0,0.3189901,-34.51266,5.150208,428125100.0,0.3068371,-23.19333,0.07123933,36.58154678528349
308000,1.753,271643900000.0,0.0,0.4837257,-147.199,6.719925,1445914000.0,0.1725182,-174.0954,0.04677655,51.72836608373933
309000,1.858,103752800000.0,0.0,0.1597831,-90.878,3.983511,266564600.0,0.04861764,-71.80243,0.08460689,33.763415050948026
310000,1.962,405508500000.0,0.0,0.4268594,-62.55276,4.299898,2792441000.0,0.1113686,-60.43213,0.03295973,63.44349216614606
311000,2.07,123594700000.0,0.0,0.1661925,-2.645904,4.089937,355825000.0,0.1445824,-26.21052,0.07980495,36.97136804376921
312000,2.18,204173800000.0,0.0,0.286581,131.0632,4.618935,986002800.0,0.3885752,147.4058,0.05375016,44.155319615237936
313000,2.294,165577000000.0,0.0,0.1235683,-128.178,4.661188,688363700.0,0.5422248,-190.4639,0.1419819,53.44967204421761
314000,2.415,277971300000.0,0.0,0.3440016,27.73628,4.688243,2079488000.0,0.3401774,15.402,0.1284996,62.38974539352752
315000,2.542,142889400000.0,0.0,0.3785194,-3.585644,2.839783,619416900.0,0.6671583,10.04905,0.03741567,34.697107054668415
316000,2.678,483058800000.0,0.0,0.08676531,106.9916,5.892725,3688971000.0,0.3630143,86.7943,0.175569,89.94226853835598
317000,2.826,156675100000.0,0.0,0.272059,101.7101,2.569528,514676600.0,0.3897728,117.4173,0.05826681,35.08362302232545
318000,2.987,244906300000.0,0.0,0.1919487,-81.22847,3.497248,1381975000.0,0.4954162,3.505397,0.09135559,53.084216116402
319000,3.162,125025900000.0,0.0,0.08381249,99.85563,3.734663,416322400.0,0.2468155,46.46819,0.07218961,42.68989076889061
320000,3.362,130918200000.0,0.0,0.5167096,-63.40463,7.154163,389231900.0,0.2515525,-75.99726,0.06861348,59.48538237638674
321000,3.592,1006932000000.0,0.0,0.2741659,128.6977,3.12461,13700780000.0,0.5823241,137.9561,0.1259304,100.7531970732045
322000,3.881,121338900000.0,0.0,0.1797392,-88.35701,2.708081,440413000.0,0.3841513,-92.87746,0.1106481,47.036654156548096
323000,4.256,189670600000.0,0.0,0.1274424,-120.516,3.995246,1000013000.0,0.2340417,-130.8633,0.1002616,63.57291217695683
324000,4.823,117760600000.0,0.0,0.2511417,30.35469,2.420641,506038400.0,0.2700931,10.16278,0.06636692,43.43553167547413
